section,metric,count
category_validation,invalid_grade_count,0
category_validation,invalid_state_format_count,0
category_validation,invalid_sub_grade_count,0
cross_field_validation,earliest_credit_line_after_issue_date,0
cross_field_validation,fico_range_low_greater_than_high,0
cross_field_validation,funded_amount_exceeds_loan_amount,0
cross_field_validation,grade_sub_grade_mismatch,0
cross_field_validation,investor_funding_exceeds_funded_amount,0
cross_field_validation,last_fico_range_low_greater_than_high,0
date_parsing,earliest_cr_line__missing_count_after_parse,29
date_parsing,earliest_cr_line__parse_failure_count,0
date_parsing,issue_d__missing_count_after_parse,0
date_parsing,issue_d__parse_failure_count,0
date_parsing,last_credit_pull_d__missing_count_after_parse,72
date_parsing,last_credit_pull_d__parse_failure_count,0
date_parsing,last_pymnt_d__missing_count_after_parse,2427
date_parsing,last_pymnt_d__parse_failure_count,0
date_parsing,next_pymnt_d__missing_count_after_parse,1345310
date_parsing,next_pymnt_d__parse_failure_count,0
final_validation,clean_row_count,2260668
final_validation,duplicate_id_count,0
final_validation,footer_rows_removed,33
final_validation,invalid_term_count,0
final_validation,missing_id_count,0
final_validation,missing_issue_d_count,0
final_validation,raw_row_count,2260701
numeric_parsing,annual_inc__missing_count_after_parse,4
numeric_parsing,annual_inc__parse_failure_count,0
numeric_parsing,collection_recovery_fee__missing_count_after_parse,0
numeric_parsing,collection_recovery_fee__parse_failure_count,0
numeric_parsing,delinq_2yrs__missing_count_after_parse,29
numeric_parsing,delinq_2yrs__parse_failure_count,0
numeric_parsing,dti__missing_count_after_parse,1711
numeric_parsing,dti__parse_failure_count,0
numeric_parsing,fico_range_high__missing_count_after_parse,0
numeric_parsing,fico_range_high__parse_failure_count,0
numeric_parsing,fico_range_low__missing_count_after_parse,0
numeric_parsing,fico_range_low__parse_failure_count,0
numeric_parsing,funded_amnt__missing_count_after_parse,0
numeric_parsing,funded_amnt__parse_failure_count,0
numeric_parsing,funded_amnt_inv__missing_count_after_parse,0
numeric_parsing,funded_amnt_inv__parse_failure_count,0
numeric_parsing,inq_last_6mths__missing_count_after_parse,30
numeric_parsing,inq_last_6mths__parse_failure_count,0
numeric_parsing,installment__missing_count_after_parse,0
numeric_parsing,installment__parse_failure_count,0
numeric_parsing,int_rate__missing_count_after_parse,0
numeric_parsing,int_rate__parse_failure_count,0
numeric_parsing,last_fico_range_high__missing_count_after_parse,0
numeric_parsing,last_fico_range_high__parse_failure_count,0
numeric_parsing,last_fico_range_low__missing_count_after_parse,0
numeric_parsing,last_fico_range_low__parse_failure_count,0
numeric_parsing,last_pymnt_amnt__missing_count_after_parse,0
numeric_parsing,last_pymnt_amnt__parse_failure_count,0
numeric_parsing,loan_amnt__missing_count_after_parse,0
numeric_parsing,loan_amnt__parse_failure_count,0
numeric_parsing,open_acc__missing_count_after_parse,29
numeric_parsing,open_acc__parse_failure_count,0
numeric_parsing,out_prncp__missing_count_after_parse,0
numeric_parsing,out_prncp__parse_failure_count,0
numeric_parsing,pub_rec__missing_count_after_parse,29
numeric_parsing,pub_rec__parse_failure_count,0
numeric_parsing,pub_rec_bankruptcies__missing_count_after_parse,1365
numeric_parsing,pub_rec_bankruptcies__parse_failure_count,0
numeric_parsing,recoveries__missing_count_after_parse,0
numeric_parsing,recoveries__parse_failure_count,0
numeric_parsing,revol_bal__missing_count_after_parse,0
numeric_parsing,revol_bal__parse_failure_count,0
numeric_parsing,revol_util__missing_count_after_parse,1802
numeric_parsing,revol_util__parse_failure_count,0
numeric_parsing,total_acc__missing_count_after_parse,29
numeric_parsing,total_acc__parse_failure_count,0
numeric_parsing,total_pymnt__missing_count_after_parse,0
numeric_parsing,total_pymnt__parse_failure_count,0
numeric_parsing,total_rec_int__missing_count_after_parse,0
numeric_parsing,total_rec_int__parse_failure_count,0
numeric_parsing,total_rec_late_fee__missing_count_after_parse,0
numeric_parsing,total_rec_late_fee__parse_failure_count,0
numeric_parsing,total_rec_prncp__missing_count_after_parse,0
numeric_parsing,total_rec_prncp__parse_failure_count,0
quality_flags,annual_inc_nonpositive,1667
quality_flags,annual_inc_top_0_1pct,2165
quality_flags,dti_out_of_range,2563
quality_flags,revol_util_out_of_range,7343
