month,total_issued_number,unique_loan_number,earliest_issue_date,latest_issue_date,duplicate_loan_number,cumulative_loan_count
2007-06,24,24,2007-06-01,2007-06-01,0,24
2007-07,63,63,2007-07-01,2007-07-01,0,87
2007-08,74,74,2007-08-01,2007-08-01,0,161
2007-09,53,53,2007-09-01,2007-09-01,0,214
2007-10,105,105,2007-10-01,2007-10-01,0,319
2007-11,112,112,2007-11-01,2007-11-01,0,431
2007-12,172,172,2007-12-01,2007-12-01,0,603
2008-01,305,305,2008-01-01,2008-01-01,0,908
2008-02,306,306,2008-02-01,2008-02-01,0,1214
2008-03,402,402,2008-03-01,2008-03-01,0,1616
2008-04,259,259,2008-04-01,2008-04-01,0,1875
2008-05,115,115,2008-05-01,2008-05-01,0,1990
2008-06,124,124,2008-06-01,2008-06-01,0,2114
2008-07,141,141,2008-07-01,2008-07-01,0,2255
2008-08,100,100,2008-08-01,2008-08-01,0,2355
2008-09,57,57,2008-09-01,2008-09-01,0,2412
2008-10,122,122,2008-10-01,2008-10-01,0,2534
2008-11,209,209,2008-11-01,2008-11-01,0,2743
2008-12,253,253,2008-12-01,2008-12-01,0,2996
2009-01,269,269,2009-01-01,2009-01-01,0,3265
2009-02,302,302,2009-02-01,2009-02-01,0,3567
2009-03,324,324,2009-03-01,2009-03-01,0,3891
2009-04,333,333,2009-04-01,2009-04-01,0,4224
2009-05,359,359,2009-05-01,2009-05-01,0,4583
2009-06,406,406,2009-06-01,2009-06-01,0,4989
2009-07,411,411,2009-07-01,2009-07-01,0,5400
2009-08,446,446,2009-08-01,2009-08-01,0,5846
2009-09,507,507,2009-09-01,2009-09-01,0,6353
2009-10,604,604,2009-10-01,2009-10-01,0,6957
2009-11,662,662,2009-11-01,2009-11-01,0,7619
2009-12,658,658,2009-12-01,2009-12-01,0,8277
2010-01,662,662,2010-01-01,2010-01-01,0,8939
2010-02,682,682,2010-02-01,2010-02-01,0,9621
2010-03,828,828,2010-03-01,2010-03-01,0,10449
2010-04,912,912,2010-04-01,2010-04-01,0,11361
2010-05,989,989,2010-05-01,2010-05-01,0,12350
2010-06,1105,1105,2010-06-01,2010-06-01,0,13455
2010-07,1204,1204,2010-07-01,2010-07-01,0,14659
2010-08,1175,1175,2010-08-01,2010-08-01,0,15834
2010-09,1189,1189,2010-09-01,2010-09-01,0,17023
2010-10,1232,1232,2010-10-01,2010-10-01,0,18255
2010-11,1224,1224,2010-11-01,2010-11-01,0,19479
2010-12,1335,1335,2010-12-01,2010-12-01,0,20814
2011-01,1380,1380,2011-01-01,2011-01-01,0,22194
2011-02,1298,1298,2011-02-01,2011-02-01,0,23492
2011-03,1448,1448,2011-03-01,2011-03-01,0,24940
2011-04,1563,1563,2011-04-01,2011-04-01,0,26503
2011-05,1704,1704,2011-05-01,2011-05-01,0,28207
2011-06,1835,1835,2011-06-01,2011-06-01,0,30042
2011-07,1875,1875,2011-07-01,2011-07-01,0,31917
2011-08,1934,1934,2011-08-01,2011-08-01,0,33851
2011-09,2067,2067,2011-09-01,2011-09-01,0,35918
2011-10,2118,2118,2011-10-01,2011-10-01,0,38036
2011-11,2232,2232,2011-11-01,2011-11-01,0,40268
2011-12,2267,2267,2011-12-01,2011-12-01,0,42535
2012-01,2602,2602,2012-01-01,2012-01-01,0,45137
2012-02,2560,2560,2012-02-01,2012-02-01,0,47697
2012-03,2914,2914,2012-03-01,2012-03-01,0,50611
2012-04,3230,3230,2012-04-01,2012-04-01,0,53841
2012-05,3400,3400,2012-05-01,2012-05-01,0,57241
2012-06,3817,3817,2012-06-01,2012-06-01,0,61058
2012-07,4627,4627,2012-07-01,2012-07-01,0,65685
2012-08,5419,5419,2012-08-01,2012-08-01,0,71104
2012-09,6087,6087,2012-09-01,2012-09-01,0,77191
2012-10,6263,6263,2012-10-01,2012-10-01,0,83454
2012-11,6382,6382,2012-11-01,2012-11-01,0,89836
2012-12,6066,6066,2012-12-01,2012-12-01,0,95902
2013-01,6872,6872,2013-01-01,2013-01-01,0,102774
2013-02,7561,7561,2013-02-01,2013-02-01,0,110335
2013-03,8273,8273,2013-03-01,2013-03-01,0,118608
2013-04,9419,9419,2013-04-01,2013-04-01,0,128027
2013-05,10350,10350,2013-05-01,2013-05-01,0,138377
2013-06,10899,10899,2013-06-01,2013-06-01,0,149276
2013-07,11910,11910,2013-07-01,2013-07-01,0,161186
2013-08,12674,12674,2013-08-01,2013-08-01,0,173860
2013-09,12987,12987,2013-09-01,2013-09-01,0,186847
2013-10,14129,14129,2013-10-01,2013-10-01,0,200976
2013-11,14720,14720,2013-11-01,2013-11-01,0,215696
2013-12,15020,15020,2013-12-01,2013-12-01,0,230716
2014-01,15628,15628,2014-01-01,2014-01-01,0,246344
2014-02,15269,15269,2014-02-01,2014-02-01,0,261613
2014-03,16513,16513,2014-03-01,2014-03-01,0,278126
2014-04,19071,19071,2014-04-01,2014-04-01,0,297197
2014-05,19099,19099,2014-05-01,2014-05-01,0,316296
2014-06,17179,17179,2014-06-01,2014-06-01,0,333475
2014-07,29306,29306,2014-07-01,2014-07-01,0,362781
2014-08,18814,18814,2014-08-01,2014-08-01,0,381595
2014-09,10606,10606,2014-09-01,2014-09-01,0,392201
2014-10,38783,38783,2014-10-01,2014-10-01,0,430984
2014-11,25054,25054,2014-11-01,2014-11-01,0,456038
2014-12,10307,10307,2014-12-01,2014-12-01,0,466345
2015-01,35107,35107,2015-01-01,2015-01-01,0,501452
2015-02,23770,23770,2015-02-01,2015-02-01,0,525222
2015-03,25400,25400,2015-03-01,2015-03-01,0,550622
2015-04,35427,35427,2015-04-01,2015-04-01,0,586049
2015-05,31913,31913,2015-05-01,2015-05-01,0,617962
2015-06,28485,28485,2015-06-01,2015-06-01,0,646447
2015-07,45962,45962,2015-07-01,2015-07-01,0,692409
2015-08,35886,35886,2015-08-01,2015-08-01,0,728295
2015-09,28641,28641,2015-09-01,2015-09-01,0,756936
2015-10,48631,48631,2015-10-01,2015-10-01,0,805567
2015-11,37530,37530,2015-11-01,2015-11-01,0,843097
2015-12,44343,44343,2015-12-01,2015-12-01,0,887440
2016-01,32366,32366,2016-01-01,2016-01-01,0,919806
2016-02,39529,39529,2016-02-01,2016-02-01,0,959335
2016-03,61992,61992,2016-03-01,2016-03-01,0,1021327
2016-04,36432,36432,2016-04-01,2016-04-01,0,1057759
2016-05,28403,28403,2016-05-01,2016-05-01,0,1086162
2016-06,33019,33019,2016-06-01,2016-06-01,0,1119181
2016-07,34696,34696,2016-07-01,2016-07-01,0,1153877
2016-08,36280,36280,2016-08-01,2016-08-01,0,1190157
2016-09,28144,28144,2016-09-01,2016-09-01,0,1218301
2016-10,32772,32772,2016-10-01,2016-10-01,0,1251073
2016-11,34591,34591,2016-11-01,2016-11-01,0,1285664
2016-12,36183,36183,2016-12-01,2016-12-01,0,1321847
2017-01,31835,31835,2017-01-01,2017-01-01,0,1353682
2017-02,27763,27763,2017-02-01,2017-02-01,0,1381445
2017-03,37181,37181,2017-03-01,2017-03-01,0,1418626
2017-04,29683,29683,2017-04-01,2017-04-01,0,1448309
2017-05,37681,37681,2017-05-01,2017-05-01,0,1485990
2017-06,38087,38087,2017-06-01,2017-06-01,0,1524077
2017-07,39415,39415,2017-07-01,2017-07-01,0,1563492
2017-08,43573,43573,2017-08-01,2017-08-01,0,1607065
2017-09,39713,39713,2017-09-01,2017-09-01,0,1646778
2017-10,38151,38151,2017-10-01,2017-10-01,0,1684929
2017-11,42343,42343,2017-11-01,2017-11-01,0,1727272
2017-12,38154,38154,2017-12-01,2017-12-01,0,1765426
2018-01,36347,36347,2018-01-01,2018-01-01,0,1801773
2018-02,32746,32746,2018-02-01,2018-02-01,0,1834519
2018-03,38771,38771,2018-03-01,2018-03-01,0,1873290
2018-04,42928,42928,2018-04-01,2018-04-01,0,1916218
2018-05,46311,46311,2018-05-01,2018-05-01,0,1962529
2018-06,41533,41533,2018-06-01,2018-06-01,0,2004062
2018-07,43089,43089,2018-07-01,2018-07-01,0,2047151
2018-08,46079,46079,2018-08-01,2018-08-01,0,2093230
2018-09,39026,39026,2018-09-01,2018-09-01,0,2132256
2018-10,46305,46305,2018-10-01,2018-10-01,0,2178561
2018-11,41973,41973,2018-11-01,2018-11-01,0,2220534
2018-12,40134,40134,2018-12-01,2018-12-01,0,2260668
