processed_month,batch_loan_count,cumulative_loan_count
2007-06,24,24
2007-07,63,87
2007-08,74,161
2007-09,53,214
2007-10,105,319
2007-11,112,431
2007-12,172,603
2008-01,305,908
2008-02,306,1214
2008-03,402,1616
2008-04,259,1875
2008-05,115,1990
2008-06,124,2114
2008-07,141,2255
2008-08,100,2355
2008-09,57,2412
2008-10,122,2534
2008-11,209,2743
2008-12,253,2996
2009-01,269,3265
2009-02,302,3567
2009-03,324,3891
2009-04,333,4224
2009-05,359,4583
2009-06,406,4989
2009-07,411,5400
2009-08,446,5846
2009-09,507,6353
2009-10,604,6957
2009-11,662,7619
2009-12,658,8277
2010-01,662,8939
2010-02,682,9621
2010-03,828,10449
2010-04,912,11361
2010-05,989,12350
2010-06,1105,13455
2010-07,1204,14659
2010-08,1175,15834
2010-09,1189,17023
2010-10,1232,18255
2010-11,1224,19479
2010-12,1335,20814
2011-01,1380,22194
2011-02,1298,23492
2011-03,1448,24940
2011-04,1563,26503
2011-05,1704,28207
2011-06,1835,30042
2011-07,1875,31917
2011-08,1934,33851
2011-09,2067,35918
2011-10,2118,38036
2011-11,2232,40268
2011-12,2267,42535
2012-01,2602,45137
2012-02,2560,47697
2012-03,2914,50611
2012-04,3230,53841
2012-05,3400,57241
2012-06,3817,61058
2012-07,4627,65685
2012-08,5419,71104
2012-09,6087,77191
2012-10,6263,83454
2012-11,6382,89836
2012-12,6066,95902
2013-01,6872,102774
2013-02,7561,110335
2013-03,8273,118608
2013-04,9419,128027
2013-05,10350,138377
2013-06,10899,149276
2013-07,11910,161186
2013-08,12674,173860
2013-09,12987,186847
2013-10,14129,200976
2013-11,14720,215696
2013-12,15020,230716
2014-01,15628,246344
2014-02,15269,261613
2014-03,16513,278126
2014-04,19071,297197
2014-05,19099,316296
2014-06,17179,333475
2014-07,29306,362781
2014-08,18814,381595
2014-09,10606,392201
2014-10,38783,430984
2014-11,25054,456038
2014-12,10307,466345
2015-01,35107,501452
2015-02,23770,525222
2015-03,25400,550622
2015-04,35427,586049
2015-05,31913,617962
2015-06,28485,646447
2015-07,45962,692409
2015-08,35886,728295
2015-09,28641,756936
2015-10,48631,805567
2015-11,37530,843097
2015-12,44343,887440
2016-01,32366,919806
2016-02,39529,959335
2016-03,61992,1021327
2016-04,36432,1057759
2016-05,28403,1086162
2016-06,33019,1119181
2016-07,34696,1153877
2016-08,36280,1190157
2016-09,28144,1218301
2016-10,32772,1251073
2016-11,34591,1285664
2016-12,36183,1321847
2017-01,31835,1353682
2017-02,27763,1381445
2017-03,37181,1418626
2017-04,29683,1448309
2017-05,37681,1485990
2017-06,38087,1524077
2017-07,39415,1563492
2017-08,43573,1607065
2017-09,39713,1646778
2017-10,38151,1684929
2017-11,42343,1727272
2017-12,38154,1765426
2018-01,36347,1801773
2018-02,32746,1834519
2018-03,38771,1873290
2018-04,42928,1916218
2018-05,46311,1962529
2018-06,41533,2004062
2018-07,43089,2047151
2018-08,46079,2093230
2018-09,39026,2132256
2018-10,46305,2178561
2018-11,41973,2220534
2018-12,40134,2260668
